<?xml version="1.0"?>
<!-- $Id: Auth_XML.xml,v 1.1 2004/01/18 19:31:17 chief Exp $ -->
<liveuserAuthXML>
  <user>
    <userId>c4ca4238a0b923820dcc509a6f75849b</userId>
    <handle>father</handle>
    <password>0de959beaa82daa7df6ef2286d071a6d</password>
    <lastLogin>1047564897</lastLogin>
    <isActive>Y</isActive>
  </user>
  <user>
    <userId>c81e728d9d4c2f636f067f89cc14862c</userId>
    <handle>mother</handle>
    <password>6ee6a213cb02554a63b1867143572e70</password>
    <lastLogin>1047564685</lastLogin>
    <isActive>Y</isActive>
  </user>
  <user>
    <userId>eccbc87e4b5ce2fe28308fd9f2a7baf3</userId>
    <handle>child</handle>
    <password>1b7d5726533ab525a8760351e9b5e415</password>
    <lastLogin>1047565686</lastLogin>
    <isActive>Y</isActive>
  </user>
</liveuserAuthXML>