<!-- $Id: Perm_XML.xml,v 1.1 2004/01/18 19:31:17 chief Exp $ -->
<?xml version="1.0"?>
<liveuserPermXMLSimple>
    <users>
        <user userId="1" authUserId="c4ca4238a0b923820dcc509a6f75849b" type="1">
            <rights>3,4,5,6</rights>
        </user>
        <user userId="2" authUserId="c81e728d9d4c2f636f067f89cc14862c" type="1">
            <rights>1,3,4,5</rights>
        </user>
        <user userId="3" authUserId="eccbc87e4b5ce2fe28308fd9f2a7baf3" type="1">
            <rights>2,3,5</rights>
        </user>
    </users>
    <areas>
        <area id="1" defineName="kitchen">
            <right defineName="cooking">1</right>
            <right defineName="washTheDishes">2</right>
        </area>
        <area id="2" defineName="livingroom">
            <right defineName="watchTV">3</right>
            <right defineName="watchLateNightTV">4</right>
        </area>
        <area id="3" defineName="office">
            <right defineName="useTheComputer">5</right>
            <right defineName="connectingTheInternet">6</right>
        </area>
    </areas>
</liveuserPermXMLSimple>